id,name
0,"Barron's GRE, 21st Edition"
1,George Balanchine: The Ballet Maker (Eminent Lives)
2,"A Partner in Holiness: Deepening Mindfulness, Practicing Compassion and Enriching Our Lives Through the Wisdom of R. Levi Yitzhak of Berdichev's, Vol. 2  (Institute for Jewish Spirituality)"
3,Construction Scheduling: Principles and Practices (2nd Edition)
4,"Literature and Its Writers: A Compact Introduction to Fiction, Poetry, and Drama"
5,Straight on Till Morning: The Life of Beryl Markham
6,Diagrammatica: The Path to Feynman Diagrams (Cambridge Lecture Notes in Physics)
7,Book of Common Prayer 1979: Large Print edition
8,A Handful of Stars
9,Almost Anorexic: Is My (or My Loved One's) Relationship with Food a Problem? (The Almost Effect)
10,Pre-ANDA Litigation: Strategies and Tactics for Developing a Drug Product and Patent Portfolio
11,"The Handbook of Painted Decoration: The Tools, Materials, and Step-by-Step Techniques of Trompe L'Oeil Painting"
12,"Stage Plays from the Classics: One-Act Adaptations from Famous Short Stories, Novels, and Plays"
13,Runner's World Meals on the Run: 156 energy-packed recipes in 36 minutes or less
14,Mosaics Inside & Out: Patterns and Inspirations for 17 Mosaic Projects
15,"She Appears! Encounters with Kwan Yin, Goddess of Compassion"
16,A Companion to Museum Studies
17,United States History  Early Years (Level 5): Houghton Mifflin Social Studies
18,Indoor Marijuana Horticulture: The Indoor Bible
19,"This Book Is Full of Spiders: Seriously, Dude, Don't Touch It (John Dies at the End)"
20,The Secret to Long Life in Your DNA: The Beljanski Approach to Cellular Health
